KEY,zh-tw,en,zh-cn
SignIn1,手C登入,Phone-number Login,手机号登录
SignIn2,用裘/]箱登入,Username/Email Login,用户名/邮箱登录
SignIn3,入手C,Please enter phone number,请输入手机号
SignIn4,入密a,Please enter password,请输入密码
SignIn5,遇到}？,Problem?,遇到问题？
SignIn6,忘密a,Password forgotten,忘记密码
SignIn7,立即登入,Log in now,立即登录
SignIn8,立即支付,Pay in now,立即支付
SignIn9,我已同意相P服l款,I've agreed to the related service terms,我已同意相关服务条款
SignIn10,]有ぬ，去],Register New Account,没有账号，去注册
SignIn11,入用裘/信箱,Enter Username/Email,请输入用户名/邮箱
SignIn12,使用Sixfast app,Use Sixfast app,使用Sixfast app
SignIn13,叽a登入,Scan-code Login,扫码登录
SignIn14,其他方式登入,Other login modes,其他方式登录
SignIn15,手Ca],Phone-number Register,手机号注册
SignIn16,信箱],Register with e-mail,邮箱注册
SignIn17,入Ca,Enter VER Code,请输入验证码
SignIn18,取得Ca,Get VER Code,获取验证码
SignIn19,推]a(x填),Referral Code (optional),推荐码(选填)
SignIn20,入推]a,Please enter referral code,请输入推荐码
SignIn21,已有ぬ,Account owned,已有账号
SignIn22,去登入,To Login,去登录
SignIn23,修改密a,Change password,修改密码
SignIn24,_J修改,Confirm Change,确认修改
SignIn25,立即定,Link now,立即绑定
SignIn26,下一步,Next step,下一步
SignIn27,Q手C,Change the linked phone number,换绑手机号
SignIn28,定信箱,Link e-mail,绑定邮箱
SignIn29,Q信箱,Change the linked e-mail,换绑邮箱
SignIn30,定手C,Link phone number,绑定手机号
SignIn31,使用者,User,用户
SignIn32,SVIP已^期,SVIP expired,SVIP已过期
SignIn33,SVIP剩N1024天,SVIP expires in 1024 days,SVIP剩余1024天
SignIn34,Tχ,VIP Recharge,会员充值
SignIn35,去定,To Link,去绑定
SignIn36,Facebook,Facebook,Facebook
SignIn37,去修改,To Change,去修改
SignIn38,Q,Change Link,换绑
SignIn39,解除定,Delink,解除绑定
SignIn40,去JC,To Verify,去认证
SignIn41,[T(SVIP),Game VIP (SVIP),游戏会员(SVIP)
SignIn42,支援影音+[蚣铀俟δ,Support video+game speedup,支持影音+游戏加速功能
SignIn43,影音T(VIP),Video VIP (VIP),影音会员(VIP)
SignIn44,H支援影音加速功能,Only support video speedup,仅支持影音加速功能
SignIn45,影音T尊享7大特,Video members enjoy 7 privileges,影音会员尊享7大特权
SignIn46,L/解i用,Access/Unlock domestic apps,访问/解锁国内应用
SignIn47,影音、直播、金融、W、k公,"Video, livestream, finance, study, and work.",影音、直播、金融、学习、办公
SignIn48,支援PC、行印Mac、,"Support PC, mobile device, Mac, and television.",支持PC、移动、Mac、电视
SignIn49,支援3台O湓诰,Support 3-device login simultaneously,支持3台设备在线
SignIn50,全球c 高速＞,Global nodes and exclusive lines,全球节点 高速专线
SignIn51,o限高速流量,Unlimited high-speed data flow,无限高速流量
SignIn52,支援7*12小r人工客服,Human customer service for 7 *12 hours,支持7*12小时人工客服
SignIn53,豳u,Hot Sale,热销
SignIn54,推],Recommended,推荐
SignIn55,套餐情描述套餐情描述,Package Details,套餐详情描述套餐详情描述
SignIn56,o可用惠券,No available coupons for now,暂无可用优惠券
SignIn57,卡券Q,Card&Coupon Exchange,卡券兑换
SignIn58,支付支付,Via Alipay,支付宝支付
SignIn59,Q信箱,Change the linked e-mail,换绑邮箱
SignIn60,Paypal支付,Via Paypal,Paypal支付
SignIn61,使用支付叽a支付,Please scan the code with Alipay to pay,请使用支付宝扫码支付
SignIn62,使用微信叽a支付,Please scan the code with WeChat to pay,请使用微信扫码支付
SignIn63,I即殚xK同意,"By purchasing it, you acknowledge and agree to ",购买即视为阅读并同意
SignIn64,自永mMfh,Auto-renewal Agreement,自动续费协议
SignIn65,T服fh,VIP Agreement,会员服务协议
SignIn66,立即I,Purchase Now,立即购买
SignIn67,元,Yuan,元
SignIn68,已省,Save xxx,已省
SignIn69,是否有Sixfastぬ,Do you have a Sixfast account?,是否有Sixfast账号
SignIn70,退出o法使用Sixfast，是否_J,"Close it and can't use the Sixfast service anymore, confirm?",退出将无法使用Sixfast，是否确认
SignIn71,^m定,Continue to link,继续绑定
SignIn72,登出登入,Log out,退出登录
SignIn73,]Sixfastぬ,Register a Sixfast account,注册Sixfast账号
SignIn74,用裘不可入特殊字符,User Name can't include special characters.,用户名不可输入特殊字符
SignIn75,用裘不能榭,User Name can't be empty.,用户名不能为空
SignIn76,用裘L度限制6~20字符,The user name's length is 6~20 characters.,用户名长度限制6~20个字符
SignIn77,密a不可入特殊字符,Password can't include special characters.,密码不可输入特殊字符
SignIn78,密a不能榭,Password can't be empty.,密码不能为空
SignIn79,密aL度限制6~18字符,The password's length is 6~18 characters.,密码长度限制6~18个字符
SignIn80,修改密a成功，重新登入,"Password changed, please log in again.",修改密码成功，请重新登录
SignIn81,定成功,Successfully linked,绑定成功
SignIn82,用裘L度限制6~40字符,The user name's length is 6~40 characters.,用户名长度限制6~40个字符
SignIn83,定ぬ,Link Account,绑定账号
SignIn84,ぬ已定xxxぬ,This account has been linked to xxx Account.,该账号已绑定xxx账号
SignIn85,先登入ぬ再M行Q操作,Please log in to change the link.,请先登录账号再进行换绑操作
SignIn86,入正_的Ca,Please enter the correct verification code.,请输入正确的验证码
SignIn87,重新l送,Resend,重新发送
SignIn88,登入中,Logging in,登录中
SignIn89,解除定成功,Successfully unlinked,解除绑定成功
SignIn90,此ぬ已定其他Sixfastぬ，先解,This account has linked to a Sixfast account. Please unlink first.,此账号已绑定其他Sixfast账号，请先解绑
SignIn91,糠Q最L不超^15字元哦,The nickname length can't exceed 15 characters.,昵称最长不超过15个字符哦
SignIn92,糠Q不能含敏感字』蛱厥庾衷哦,Nickname can't include sensitive words or special characters.,昵称不能含敏感词汇或特殊字符哦
SignIn93,先定手C或信箱,Please link the phone number or email.,请先绑定手机或邮箱
SignIn94,名JC,Real-name Authentication,实名认证
SignIn95,已JC,Authenticated,已认证
SignIn96,要解除cぬxxx的定,Remove the link to xxx Account?,要解除与账号xxx的绑定吗
SignIn97,_定,Confirm,确定
SignIn98,取消,Cancel,取消
SignIn99,普通,Ordinary,普通
SignIn100,D片大小必小於10MB,The picture size must be below 10MB.,图片大小必须小于10MB
SignIn101,D片解析度必小於2560*2560,The picture resolution must be below 2560*2560.,图片分辨率必须小于2560*2560
SignIn102,^像,Edit Avatar,编辑头像
SignIn103,重新上,Reupload,重新上传
SignIn104,]猿晒,Successfully registered,注册成功
SignIn105,立即],Register now,立即注册
SignIn106,用裘已存在，直接登入,"User Name registered, please log in directly.",该用户名已存在，请直接登录
SignIn107,]箱ぬ已存在，直接登入,"Email account registered, please log in.",该邮箱账号已存在，请直接登录
SignIn108,再次l送,Resend,再次发送
SignIn109,Ca已l送，查收,"Verification code sent, please check it out.",验证码已发送，请查收
SignIn110,入正_的手C,Please enter the correct phone number.,请输入正确的手机号
SignIn111,手Ca不能榭,Phone number can't be empty.,手机号不能为空
SignIn112,入正_的信箱ぬ,Please enter the correct email account.,请输入正确的邮箱账号
SignIn113,哎呀~到底了,Uh～ You hit the bottom.,哎呀~到底了
SignIn114,]有更早的消息了,No earlier news,没有更早的消息了
SignIn115,j客服,Please contact customer service.,请联系客服
SignIn116,JC成功,Successfully authenticated,认证成功
SignIn117,根相P法律法的定，您需要透^名JC後方可使用我的部分服,"In accordance with the related laws and regulations, you must finish the real-name authentication to use some of our services.",根据相关法律法规的规定，您需要通过实名认证后方可使用我们的部分服务
SignIn118,真姓名,Real Name,真实姓名
SignIn119,姓名不能榭,Name can't be empty.,姓名不能为空
SignIn120,姓名格式e`，_J填的Y料是否正_,"Name format error, please check the entered info.",姓名格式错误，请确认填写的信息是否正确
SignIn121,入您的真姓名,Please enter your real name.,请输入您的真实姓名
SignIn122,身分C,ID Number,身份证号
SignIn123,身分Ca不能榭,ID Number can't be empty.,身份证号不能为空
SignIn124,"身分C字e`,_J填的Y料是否正_","Incorrect ID Number, please check the entered info.","身份证号错误,请确认填写的信息是否正确"
SignIn125,入您的身分C,Please enter your ID Number.,请输入您的身份证号
SignIn126,立即JC,Authenticate Now,立即认证
SignIn127,安全保障中，YH用於身分_J,The info is secured and can only be used for id verification.,安全保障中，信息仅用于身份确认
SignIn128,未使用,Unused,未使用
SignIn129,已使用,Used,已使用
SignIn130,已^期,Expired,已过期
SignIn131,我的卡包,My Card Holder,我的卡包
SignIn132,o卡券,No cards or coupons for now,暂无卡券
SignIn133,小r,Hour,小时
SignIn134,分,Minute,分
SignIn135,後⑦^期,xxx till expiration,后将过期
SignIn136,M,Full,满
SignIn137,可用,Available,可用
SignIn138,立p,Directly save,立减
SignIn139,立即使用,Use now,立即使用
SignIn140,折,Off,折
SignIn141,惠券即⑦^期,The coupon is about to expire.,优惠券即将过期
SignIn142,您有新用惠券何词褂茫_J放？,You still have unused coupon(s) for new users. Give up?,您还有新用户专享优惠券暂未使用，确认放弃？
SignIn143,未查到付款完成，稍後再,The payment result couldn't be found. Please try again later.,未查询到支付完成，请稍后再试
SignIn144,沃Ц冻晒,Order paid successfully,订单支付成功
SignIn145,_惩孢[蛑旅吧,Binge Gaming Now,开启畅玩游戏之旅吧
SignIn146,我知道了,Got it,我知道了
SignIn147,我堰^期,Order expired,订单已过期
SignIn148,重新x裼,Please reselect the order.,请重新选择订单
SignIn149,呙璩晒,Scanned,扫描成功
SignIn150,於10分韧瓿筛犊,Please finish the payment within 10 minutes.,请于10分钟内完成付款
SignIn151,已完成付款,Payment finished,已完成付款
SignIn152,取消支付,Cancel Payment,取消支付
SignIn153,支付遇到}？ M,Met a problem with payment? Please contact xxx,支付遇到问题？请联系
SignIn154,行NQQ,Marketing QQ,营销QQ
SignIn155,自永mM套餐r不支援paypal、微信I,Auto-renewal Package can't be purchased via Paypal or WeChat for now.,自动续费套餐暂不支持paypal、微信购买
SignIn156,H支援支付叽a支付,Only supports Alipay QR Code Payment.,仅支持支付宝扫码支付
SignIn157,H支援微信叽a支付,Only supports WeChat QR Code Payment.,仅支持微信扫码支付
SignIn158,c舸颂查看更多套餐,Click here to learn about more packages.,点击此处可查看更多套餐
SignIn159,小r,Hour,小时
SignIn160,分分,Minute,分钟
SignIn161,秒後消失,xxx seconds till disappearance,秒后消失
SignIn162,[T尊享8大特,Game members enjoy 8 privileges,游戏会员尊享8大特权
SignIn163,定降低[蜓舆t,Stable and low game lag,稳定降低游戏延迟
SignIn164,全球[蚣铀,Global game speedup,全球游戏加速
SignIn165,4000+＞,4000+ exclusive esports lines,4000+电竞级专线
SignIn166,[蛑辈ァ⑦[蚍g、客u＞,"Game streaming, game translation, custom lines",游戏直播、游戏翻译、定制专线
SignIn167,支援PC、行印Mac、,"Support PC, mobile devices, Mac, and televisions.",支持PC、移动、Mac、电视
SignIn168,可5台O湓诰,Logged in on 5 devices simultaneously,可5台设备在线
SignIn169,支援1V1人工客服,1V1 manual customer support,支持1V1人工客服
SignIn170,二Sa已^期,Qrcode expired,二维码已过期
SignIn171,c羲⑿,Click refresh,点击刷新
SignIn172,已p,Reduced,已减
SignIn173,,Total,总计
SignIn174,FH需,Now only need,现仅需
SignIn175,入Qa,Enter REDEEM CODE,请输入兑换码
SignIn176,大於,More than,大于
SignIn177,小於,Below,小于
SignIn178,用,Try it,试用
SignIn179,中大,Chinese mainland,中国大陆
SignIn180,中香港,China Hong Kong,中国香港
SignIn181,中台,"Taiwan, China",中国台湾
SignIn182,美,USA,美国
SignIn183,阿巴尼,Albania,阿尔巴尼亚
SignIn184,阿及利,Algeria,阿尔及利亚
SignIn185,阿富汗,Afghanistan,阿富汗
SignIn186,阿根廷,Argentina,阿根廷
SignIn187,阿酋,United Arab Emirates,阿联酋
SignIn188,阿巴,Aruba,阿鲁巴
SignIn189,阿曼,Oman,阿曼
SignIn190,塞拜然,Azerbaijan,阿塞拜疆
SignIn191,埃及,Egypt,埃及
SignIn192,衣索比,Ethiopia,埃塞俄比亚
SignIn193,m,Ireland,爱尔兰
SignIn194,凵衬,Estonia,爱沙尼亚
SignIn195,安道,Andorra,安道尔
SignIn196,安哥拉,Angola,安哥拉
SignIn197,安圭拉,Anguilla,安圭拉
SignIn198,安地卡及巴布_u,Antigua and Barbuda,安提瓜和巴布达岛
SignIn199,W地利,Austria,奥地利
SignIn200,澳洲,Australia,澳大利亚
SignIn201,澳T,Macao,澳门
SignIn202,巴多,Barbados,巴巴多斯
SignIn203,巴布~,papua new guinea,巴布亚新几内亚
SignIn204,巴哈R,Bahamas,巴哈马
SignIn205,巴基斯坦,Pakistan,巴基斯坦
SignIn206,巴拉圭,Paraguay,巴拉圭
SignIn207,巴勒斯坦,Palestine,巴勒斯坦
SignIn208,巴林,Bahrain,巴林
SignIn209,巴拿R,Panama,巴拿马
SignIn210,巴西,Brazil,巴西
SignIn211,白俄_斯,belarus,白俄罗斯
SignIn212,百慕_群u,bermuda islands,百慕大群岛
SignIn213,保加利,Bulgaria,保加利亚
SignIn214,北Re{群u,Northern Mariana Islands,北马里亚纳群岛
SignIn215,南,Benin,贝宁
SignIn216,比利r,Belgium,比利时
SignIn217,冰u,Iceland,冰岛
SignIn218,波多黎各,Puerto Rico,波多黎各
SignIn219,波m,Poland,波兰
SignIn220,波士尼c赫塞哥S{,Bosnia and Herzegovina,波斯尼亚和黑塞哥维那
SignIn221,玻利S,Bolivia,玻利维亚
SignIn222,里斯,Belize,伯利兹
SignIn223,波札那,Botswana,博茨瓦纳
SignIn224,不丹,Bhutan,不丹
SignIn225,布吉{法索,Burkina Faso,布基纳法索
SignIn226,蒲隆地,Burundi,布隆迪
SignIn227,赤道,Equatorial Guinea,赤道几内亚
SignIn228,丹,Denmark,丹麦
SignIn229,德,Germany,德国
SignIn230,迭戈加西,Diego Garcia,迭戈加西亚
SignIn231,|帝汶,East Timor,东帝汶
SignIn232,多哥,TOGO,多哥
SignIn233,多明尼克,Dominica,多米尼克
SignIn234,多明尼加共和,Dominican Republic,多明尼加共和国
SignIn235,俄_斯,Russia,俄罗斯
SignIn236,厄瓜多,Ecuador,厄瓜多尔
SignIn237,法,France,法国
SignIn238,法_群u,faroe islands,法罗群岛
SignIn239,法俨＠锬嵛,French Polynesia,法属波利尼西亚
SignIn240,法俟那,French Guiana,法属圭亚那
SignIn241,菲律e,Philippines,菲律宾
SignIn242,斐,Fiji,斐济
SignIn243,芬m,Finland,芬兰
SignIn244,福克m群u,Falkland Islands,福克兰群岛
SignIn245,甘比,Gambia,冈比亚
SignIn246,果,Congo,刚果
SignIn247,果金,Democratic Republic of the Congo,刚果金
SignIn248,哥比,Colombia,哥伦比亚
SignIn249,哥斯大黎加,costa rica,哥斯达黎加
SignIn250,格瑞那_,Greneda,格林纳达
SignIn251,格陵mu,Greenland,格陵兰岛
SignIn252,古巴,cuba,古巴
SignIn253,瓜德_普u,Guadeloupe,瓜德罗普岛
SignIn254,Pu,Guam,关岛
SignIn255,w那,Guyana,圭亚那
SignIn256,哈_克,Kazakhstan,哈萨克斯坦
SignIn257,海地,Haiti,海地
SignIn258,n,South Korea,韩国
SignIn259,荷m,Netherlands,荷兰
SignIn260,荷侔驳牧兴谷u,Netherlands Antilles,荷属安的列斯群岛
SignIn261,蒙特雀缌_,Montenegro,黑山
SignIn262,宏都拉斯,Honduras,洪都拉斯
SignIn263,吉布地,Djibouti,吉布提
SignIn264,吉吉斯斯坦,Kyrgyzstan,吉尔吉斯斯坦
SignIn265,,Guinea,几内亚
SignIn266,比B,Guinea-Bissau,几内亚比绍
SignIn267,加拿大,Canada,加拿大
SignIn268,迦{,Ghana,加纳
SignIn269,加彭,Gabon,加蓬
SignIn270,柬埔寨,Cambodia,柬埔寨
SignIn271,捷克共和,Czech Republic,捷克共和国
SignIn272,辛巴威,Zimbabwe,津巴布韦
SignIn273,喀隆,Cameroon,喀麦隆
SignIn274,卡_,Qatar,卡塔尔
SignIn275,_曼群u,Cayman Islands,开曼群岛
SignIn276,葛摩,Comoros,科摩罗
SignIn277,科索沃,Kosovo,科索沃
SignIn278,科特迪瓦,Cote d'Ivoire,科特迪瓦
SignIn279,科威特,Kuwait,科威特
SignIn280,克_埃西,Croatia,克罗地亚
SignIn281,肯,Kenya,肯尼亚
SignIn282,炜巳u,Island,库克群岛
SignIn283,拉S,Latvia,拉脱维亚
SignIn284,索托,Lesotho,莱索托
SignIn285,寮,Laos,老挝
SignIn286,黎巴嫩,lebanon,黎巴嫩
SignIn287,立陶宛,Lithuania,立陶宛
SignIn288,比瑞,Liberia,利比里亚
SignIn289,利比,Libya,利比亚
SignIn290,列支敦斯登,Liechtenstein,列支敦士登
SignIn291,留尼旺,Reunion,留尼旺
SignIn292,R森堡,Luxembourg,卢森堡
SignIn293,R安_,Rwanda,卢旺达
SignIn294,_R尼,Romania,罗马尼亚
SignIn295,R_加斯加,madagascar,马达加斯加
SignIn296,R地夫,Maldives,马尔代夫
SignIn297,R他,malta,马耳他
SignIn298,R拉威,Malawi,马拉维
SignIn299,R砦,Malaysia,马来西亚
SignIn300,Re,Mali,马里
SignIn301,R其D,macedonia,马其顿
SignIn302,R提尼克,Martinique,马提尼克
SignIn303,模里西斯,Mauritius,毛里求斯
SignIn304,茅利塔尼,mauritania,毛里塔尼亚
SignIn305,美_摩,American Samoa,美国萨摩亚
SignIn306,美倬S珍群u,U.S. Virgin Islands,美属维珍群岛
SignIn307,蒙古,Mongolia,蒙古
SignIn308,蒙特塞拉特u,Montserrat Island,蒙特塞拉特岛
SignIn309,孟加拉,Bangladesh,孟加拉国
SignIn310,秘,Peru,秘鲁
SignIn311,甸,Myanmar,缅甸
SignIn312,摩多瓦,Moldovan,摩尔多瓦
SignIn313,摩洛哥,Morocco,摩洛哥
SignIn314,摩{哥,Monaco,摩纳哥
SignIn315,莫三比克,Mozambique,莫桑比克
SignIn316,墨西哥,Mexico,墨西哥
SignIn317,{米比,Namibia,纳米比亚
SignIn318,南非,South Africa,南非
SignIn319,南K丹,South Sudan,南苏丹
SignIn320,Z,Nauru,瑙鲁
SignIn321,尼加拉瓜,Nicaragua,尼加拉瓜
SignIn322,尼泊,Nepal,尼泊尔
SignIn323,尼日,Niger,尼日尔
SignIn324,奈及利,Nigeria,尼日利亚
SignIn325,挪威,Norway,挪威
SignIn326,Z福克u,norfolk island,诺福克岛
SignIn327,帛琉,Palau,帕劳
SignIn328,葡萄牙,Portugal,葡萄牙
SignIn329,痰,Jordan,乔丹
SignIn330,日本,Japan,日本
SignIn331,瑞典,Sweden,瑞典
SignIn332,瑞士,Switzerland,瑞士
SignIn333,_瓦多,El Salvador,萨尔瓦多
SignIn334,_摩,Samoa,萨摩亚
SignIn335,塞S,Serbia,塞尔维亚
SignIn336,{子山,Sierra Leone,塞拉利昂
SignIn337,塞燃,Senegal,塞内加尔
SignIn338,普勒斯,Cyprus,塞浦路斯
SignIn339,塞席,Seychelles,塞舌尔
SignIn340,沙醯匕⒗伯,Saudi Arabia,沙特阿拉伯
SignIn341,}彼埃和密克隆u,Saint Pierre and Miquelon,圣彼埃尔和密克隆岛
SignIn342,}多美和普林西比,Sao Tome and Príncipe,圣多美和普林西比
SignIn343,}克里斯多福及尼S斯,Saint Kitts and Nevis,圣基茨和尼维斯
SignIn344,}露西,saint lucia,圣露西亚
SignIn345,}R利Z,san marino,圣马力诺
SignIn346,}文森及格瑞那丁,Saint Vincent and the Grenadines,圣文森特和格林纳丁斯
SignIn347,斯里m卡,Sri Lanka,斯里兰卡
SignIn348,斯洛伐克,Slovakia,斯洛伐克
SignIn349,斯洛S尼,slovenia,斯洛文尼亚
SignIn350,史瓦m,Swaziland,斯威士兰
SignIn351,K丹,Sudan,苏丹
SignIn352,K利南,Surinam,苏里南
SignIn353,索R利,somalia,索马里
SignIn354,塔吉克,Tajikistan,塔吉克斯坦
SignIn355,泰,Thailand,泰国
SignIn356,坦尚尼,Tanzania,坦桑尼亚
SignIn357,|加,Tonga,汤加
SignIn358,特克斯和P科斯群u,Turks and Caicos Islands,特克斯和凯科斯群岛
SignIn359,千里_及托巴哥,Trinidad and Tobago,特立尼达和多巴哥
SignIn360,突尼西,Tunisia,突尼斯
SignIn361,土耳其,Türkiye,土耳其
SignIn362,土炻,Turkmenistan,土库曼斯坦
SignIn363,瓦利斯和福D{u,Wallis and Fortuna Islands,瓦利斯和福图纳岛
SignIn364,f那杜,Vanuatu,瓦努阿图
SignIn365,瓜地R拉,Guatemala,危地马拉
SignIn366,委热鹄,Venezuela,委内瑞拉
SignIn367,汶R__m,Brunei Darussalam,文莱达鲁萨兰国
SignIn368,诌_,Uganda,乌干达
SignIn369,蹩颂m,Ukraine,乌克兰
SignIn370,趵圭,Uruguay,乌拉圭
SignIn371,跗e克,Uzbekistan,乌兹别克斯坦
SignIn372,西班牙,Spain,西班牙
SignIn373,希D,Greece,希腊
SignIn374,新加坡,Singapore,新加坡
SignIn375,新喀e多尼,new caledonia,新喀里多尼亚
SignIn376,匈牙利,Hungary,匈牙利
SignIn377,⒗,Syria,叙利亚
SignIn378,牙I加,jamaica,牙买加
SignIn379,美尼,Armenia,亚美尼亚
SignIn380,~T,Yemen,也门
SignIn381,伊拉克,Iraq,伊拉克
SignIn382,伊朗,Iran,伊朗
SignIn383,以色列,Israel,以色列
SignIn384,x大利,Italy,意大利
SignIn385,印度,India,印度
SignIn386,印尼,Indonesia,印度尼西亚
SignIn387,英,United Kingdom,英国
SignIn388,英倬S京群u,british virgin islands,英属维京群岛
SignIn389,越南,Vietnam,越南
SignIn390,尚比,Zambia,赞比亚
SignIn391,查德,Chad,乍得
SignIn392,直布_陀,Gibraltar,直布罗陀
SignIn393,智利,Chile,智利
SignIn394,中非共和,central african republic,中非共和国
SignIn395,讨州,Georgia,佐治亚州
